"id:ID",":LABEL","iri","isDefiningOntology:string[]","isRoot:string[]","hasChildren:string[]","http__//www.w3.org/2002/07/owl#differentFrom:string[]","_json","isObsolete:string[]","type:string[]","ontologyPreferredPrefix:string[]","imported:string[]","shortForm:string[]","ontologyId:string[]","ontologyIri:string[]","http__//www.w3.org/1999/02/22-rdf-syntax-ns#type:string[]"
"owl2primer-namedindividual-differentfrom+individual+http://www.ebi.ac.uk/testcases/owl2primer/namedIndividual-differentFrom#Bill","OntologyEntity|OntologyIndividual","http://www.ebi.ac.uk/testcases/owl2primer/namedIndividual-differentFrom#Bill","false","true","false","http://www.ebi.ac.uk/testcases/owl2primer/namedIndividual-differentFrom#John","{""hasChildren"":""false"",""http://www.w3.org/1999/02/22-rdf-syntax-ns#type"":""http://www.w3.org/2002/07/owl#NamedIndividual"",""http://www.w3.org/2002/07/owl#differentFrom"":""http://www.ebi.ac.uk/testcases/owl2primer/namedIndividual-differentFrom#John"",""imported"":""false"",""iri"":""http://www.ebi.ac.uk/testcases/owl2primer/namedIndividual-differentFrom#Bill"",""iriToLabel"":{},""isDefiningOntology"":""false"",""isObsolete"":""false"",""isRoot"":""true"",""ontologyId"":""owl2primer-namedindividual-differentfrom"",""ontologyIri"":""http://www.ebi.ac.uk/testcases/owl2primer/namedIndividual-differentFrom.owl"",""ontologyPreferredPrefix"":""owl2primer-namedIndividual-differentFrom"",""shortForm"":""Bill"",""type"":[""entity"",""individual""]}","false","entity|individual","owl2primer-namedIndividual-differentFrom","false","Bill","owl2primer-namedindividual-differentfrom","http://www.ebi.ac.uk/testcases/owl2primer/namedIndividual-differentFrom.owl","http://www.w3.org/2002/07/owl#NamedIndividual"
"owl2primer-namedindividual-differentfrom+individual+http://www.ebi.ac.uk/testcases/owl2primer/namedIndividual-differentFrom#John","OntologyEntity|OntologyIndividual","http://www.ebi.ac.uk/testcases/owl2primer/namedIndividual-differentFrom#John","false","true","false","http://www.ebi.ac.uk/testcases/owl2primer/namedIndividual-differentFrom#Bill","{""hasChildren"":""false"",""http://www.w3.org/1999/02/22-rdf-syntax-ns#type"":""http://www.w3.org/2002/07/owl#NamedIndividual"",""http://www.w3.org/2002/07/owl#differentFrom"":""http://www.ebi.ac.uk/testcases/owl2primer/namedIndividual-differentFrom#Bill"",""imported"":""false"",""iri"":""http://www.ebi.ac.uk/testcases/owl2primer/namedIndividual-differentFrom#John"",""iriToLabel"":{},""isDefiningOntology"":""false"",""isObsolete"":""false"",""isRoot"":""true"",""ontologyId"":""owl2primer-namedindividual-differentfrom"",""ontologyIri"":""http://www.ebi.ac.uk/testcases/owl2primer/namedIndividual-differentFrom.owl"",""ontologyPreferredPrefix"":""owl2primer-namedIndividual-differentFrom"",""shortForm"":""John"",""type"":[""entity"",""individual""]}","false","entity|individual","owl2primer-namedIndividual-differentFrom","false","John","owl2primer-namedindividual-differentfrom","http://www.ebi.ac.uk/testcases/owl2primer/namedIndividual-differentFrom.owl","http://www.w3.org/2002/07/owl#NamedIndividual"
